Thoi Gian Ghi Nhan,ID Xe,Loai Phuong Tien
2026-07-01 13:10:09,8,Xe May
2026-07-01 13:10:09,9,Xe May
2026-07-01 13:10:10,6,Xe May
2026-07-01 13:10:11,1,O To
2026-07-01 13:10:11,13,Xe May
2026-07-01 13:10:11,2,Xe Tai
2026-07-01 13:10:12,11,Xe May
2026-07-01 13:10:12,4,O To
2026-07-01 13:10:12,14,Xe May
2026-07-01 13:10:13,23,Xe May
2026-07-01 13:10:13,33,Xe May
2026-07-01 13:10:13,26,Xe May
2026-07-01 13:10:15,37,Xe May
2026-07-01 13:10:15,10,O To
2026-07-01 13:10:17,18,O To
2026-07-01 13:10:19,45,Xe May
2026-07-01 13:10:19,40,Xe May
2026-07-01 13:10:20,56,Xe May
2026-07-01 13:10:21,20,O To
2026-07-01 13:10:21,54,Xe May
2026-07-01 13:10:22,52,Xe May
2026-07-01 13:10:22,71,Xe May
2026-07-01 13:10:23,5,O To
2026-07-01 13:10:23,50,Xe May
2026-07-01 13:10:25,75,Xe May
2026-07-01 13:10:25,47,O To
2026-07-01 13:10:25,66,Xe May
2026-07-01 13:10:26,73,Xe May
2026-07-01 13:10:27,84,Xe May
2026-07-01 13:10:27,86,Xe May
2026-07-01 13:10:27,94,Xe May
2026-07-01 13:10:27,51,Xe Tai
2026-07-01 13:10:28,92,Xe May
2026-07-01 13:10:28,22,O To
2026-07-01 13:10:29,107,Xe May
2026-07-01 13:10:29,58,O To
2026-07-01 13:10:30,91,Xe May
2026-07-01 13:10:32,96,Xe May
2026-07-01 13:10:33,98,Xe May
2026-07-01 13:10:34,88,Xe May
2026-07-01 13:10:34,108,Xe May
2026-07-01 13:10:35,53,O To
2026-07-01 13:10:37,118,Xe May
2026-07-01 13:10:37,111,Xe May
2026-07-01 13:10:37,85,O To
2026-07-01 13:10:37,117,Xe May
2026-07-01 13:10:39,122,Xe May
2026-07-01 13:10:40,128,Xe May
2026-07-01 13:10:40,144,Xe May
2026-07-01 13:10:41,135,Xe May
2026-07-01 13:10:42,141,Xe May
2026-07-01 13:10:43,74,O To
2026-07-01 13:10:45,139,Xe May
2026-07-01 13:10:46,129,O To
2026-07-01 13:10:46,151,Xe May
2026-07-01 13:10:47,173,Xe May
2026-07-01 13:10:47,112,O To
2026-07-01 13:10:47,150,Xe May
2026-07-01 13:10:47,100,O To
2026-07-01 13:10:48,158,Xe May
2026-07-01 13:10:48,119,O To
2026-07-01 13:10:48,152,Xe May
2026-07-01 13:10:49,172,Xe May
2026-07-01 13:10:50,179,Xe May
2026-07-01 13:10:51,136,O To
2026-07-01 13:10:51,161,Xe May
2026-07-01 13:10:51,190,Xe May
2026-07-01 13:10:51,142,O To
2026-07-01 13:10:51,186,Xe May
2026-07-01 13:10:51,138,O To
2026-07-01 13:10:52,184,Xe May
2026-07-01 13:10:52,193,Xe May
2026-07-01 13:10:52,201,Xe May
2026-07-01 13:10:53,194,Xe May
2026-07-01 13:10:54,181,O To
2026-07-01 13:10:54,209,Xe May
2026-07-01 13:10:54,197,Xe May
2026-07-01 13:10:56,203,Xe May
2026-07-01 13:10:57,168,O To
2026-07-01 13:10:58,146,O To
2026-07-01 13:10:59,213,Xe May
2026-07-01 13:10:59,227,Xe May
2026-07-01 13:10:59,216,Xe May
2026-07-01 13:11:00,223,Xe May
2026-07-01 13:11:00,208,Xe May
2026-07-01 13:11:01,145,O To
2026-07-01 13:11:01,212,Xe May
2026-07-01 13:11:02,233,Xe May
2026-07-01 13:11:02,170,O To
2026-07-01 13:11:03,240,Xe May
2026-07-01 13:11:04,243,Xe May
2026-07-01 13:11:04,196,Xe May
2026-07-01 13:11:05,231,Xe May
2026-07-01 13:11:06,234,Xe May
2026-07-01 13:11:06,236,Xe May
2026-07-01 13:11:07,245,Xe May
2026-07-01 13:11:08,205,O To
2026-07-01 13:11:08,214,O To
2026-07-01 13:11:08,267,Xe May
2026-07-01 13:11:09,270,Xe May
2026-07-01 13:11:10,254,Xe May
2026-07-01 13:11:10,241,Xe May
2026-07-01 13:11:11,206,O To
2026-07-01 13:11:12,260,Xe May
2026-07-01 13:11:12,271,Xe May
2026-07-01 13:11:12,255,Xe May
2026-07-01 13:11:13,219,O To
2026-07-01 13:11:14,226,O To
2026-07-01 13:11:15,277,Xe May
2026-07-01 13:11:15,261,Xe May
2026-07-01 13:11:15,278,Xe May
2026-07-01 13:11:16,274,Xe May
2026-07-01 13:11:17,229,O To
2026-07-01 13:11:17,279,Xe May
2026-07-01 13:11:19,280,Xe May
2026-07-01 13:11:19,286,Xe May
